{
  "admin": {
    "username": "admin",
    "password": "21232f297a57a5a743894a0e4a801fc3",
    "loginToken": "8306af2f8e8189f2b342806adce826cf",
    "logs": [
      {
        "time": "2022-12-15T17:58:26.051Z",
        "type": "ERROR",
        "message": "Build Failed - Unable to spawn Java - Error: spawn java ENOENT"
      },
      {
        "time": "2022-12-15T17:58:26.058Z",
        "type": "ERROR",
        "message": "Build Failed - Java Not Installed"
      },
      {
        "time": "2022-12-15T18:00:42.430Z",
        "type": "SUCCESS",
        "message": "Build Succeded!"
      },
      {
        "time": "2022-12-15T18:34:25.024Z",
        "type": "SUCCESS",
        "message": "Build Succeded!"
      }
    ],
    "ipLog": []
  },
  "clients": []
}